{
  "client_id": "20250321162822",
  "name": "Financial Plan for Brandon Kremer",
  "goals": [
    {
      "name": "car",
      "amount": 35000,
      "age": 39,
      "priority": "Medium"
    }
  ],
  "cash_flows": [
    {
      "name": "401k",
      "amount": 17000,
      "start_age": 34,
      "end_age": 65,
      "growth_rate": 0.025
    },
    {
      "name": "Expenses",
      "amount": -75000,
      "start_age": 65,
      "end_age": 95,
      "growth_rate": 0.025
    }
  ],
  "liquidity_goals": [],
  "initial_portfolio": 300000,
  "asset_allocation": [
    0.5,
    0.2,
    0.1,
    0.1,
    0.05,
    0.05
  ],
  "allocation_constraints": {
    "Global Equity": {
      "min": 5.0,
      "max": 80.0
    },
    "Core Bond": {
      "min": 5.0,
      "max": 50.0
    },
    "Short-Term Bond": {
      "min": 0.0,
      "max": 5.0
    },
    "Global Credit": {
      "min": 5.0,
      "max": 60.0
    },
    "Real Assets": {
      "min": 5.0,
      "max": 25.0
    },
    "Liquid Alternatives": {
      "min": 0.0,
      "max": 10.0
    }
  },
  "risk_aversion": 8.0,
  "mean_reversion_speed": 0.0,
  "glidepath": [
    [
      0.5172413793103449,
      0.20275862068965514,
      0.08689655172413792,
      0.05793103448275862,
      0.07724137931034483,
      0.05793103448275862
    ],
    [
      0.5172413793103449,
      0.20275862068965514,
      0.08689655172413792,
      0.05793103448275862,
      0.07724137931034483,
      0.05793103448275862
    ],
    [
      0.5358128078817734,
      0.19495862068965517,
      0.08355369458128079,
      0.05570246305418719,
      0.07426995073891626,
      0.05570246305418719
    ],
    [
      0.5358128078817734,
      0.19495862068965517,
      0.08355369458128079,
      0.05570246305418719,
      0.07426995073891626,
      0.05570246305418719
    ],
    [
      0.5526108374384237,
      0.18790344827586203,
      0.08053004926108373,
      0.05368669950738917,
      0.07158226600985222,
      0.05368669950738917
    ],
    [
      0.5526108374384237,
      0.18790344827586203,
      0.08053004926108373,
      0.05368669950738917,
      0.07158226600985222,
      0.05368669950738917
    ],
    [
      0.5676354679802955,
      0.18159310344827587,
      0.07782561576354681,
      0.051883743842364535,
      0.06917832512315272,
      0.051883743842364535
    ],
    [
      0.5676354679802955,
      0.18159310344827587,
      0.07782561576354681,
      0.051883743842364535,
      0.06917832512315272,
      0.051883743842364535
    ],
    [
      0.5808866995073892,
      0.17602758620689649,
      0.07544039408866993,
      0.050293596059113294,
      0.06705812807881772,
      0.050293596059113294
    ],
    [
      0.5808866995073892,
      0.17602758620689649,
      0.07544039408866993,
      0.050293596059113294,
      0.06705812807881772,
      0.050293596059113294
    ],
    [
      0.5923645320197044,
      0.17120689655172414,
      0.0733743842364532,
      0.04891625615763547,
      0.06522167487684731,
      0.04891625615763547
    ],
    [
      0.5923645320197044,
      0.17120689655172414,
      0.0733743842364532,
      0.04891625615763547,
      0.06522167487684731,
      0.04891625615763547
    ],
    [
      0.6020689655172413,
      0.16713103448275862,
      0.07162758620689656,
      0.047751724137931044,
      0.0636689655172414,
      0.047751724137931044
    ],
    [
      0.6020689655172413,
      0.16713103448275862,
      0.07162758620689656,
      0.047751724137931044,
      0.0636689655172414,
      0.047751724137931044
    ],
    [
      0.61,
      0.16379999999999997,
      0.0702,
      0.04680000000000001,
      0.06240000000000001,
      0.04680000000000001
    ],
    [
      0.61,
      0.16379999999999997,
      0.0702,
      0.04680000000000001,
      0.06240000000000001,
      0.04680000000000001
    ],
    [
      0.59,
      0.1722,
      0.07379999999999999,
      0.04920000000000001,
      0.06560000000000002,
      0.04920000000000001
    ],
    [
      0.59,
      0.1722,
      0.07379999999999999,
      0.04920000000000001,
      0.06560000000000002,
      0.04920000000000001
    ],
    [
      0.57,
      0.18059999999999998,
      0.0774,
      0.051600000000000014,
      0.06880000000000001,
      0.051600000000000014
    ],
    [
      0.57,
      0.18059999999999998,
      0.0774,
      0.051600000000000014,
      0.06880000000000001,
      0.051600000000000014
    ],
    [
      0.55,
      0.18899999999999997,
      0.08099999999999999,
      0.054,
      0.072,
      0.054
    ],
    [
      0.55,
      0.18899999999999997,
      0.08099999999999999,
      0.054,
      0.072,
      0.054
    ],
    [
      0.53,
      0.19739999999999996,
      0.0846,
      0.0564,
      0.0752,
      0.0564
    ],
    [
      0.53,
      0.19739999999999996,
      0.0846,
      0.0564,
      0.0752,
      0.0564
    ],
    [
      0.51,
      0.20579999999999998,
      0.08819999999999999,
      0.0588,
      0.07840000000000001,
      0.0588
    ],
    [
      0.51,
      0.20579999999999998,
      0.08819999999999999,
      0.0588,
      0.07840000000000001,
      0.0588
    ],
    [
      0.49,
      0.21419999999999997,
      0.09179999999999999,
      0.061200000000000004,
      0.0816,
      0.061200000000000004
    ],
    [
      0.49,
      0.21419999999999997,
      0.09179999999999999,
      0.061200000000000004,
      0.0816,
      0.061200000000000004
    ],
    [
      0.47,
      0.2226,
      0.0954,
      0.0636,
      0.08480000000000001,
      0.0636
    ],
    [
      0.47,
      0.2226,
      0.0954,
      0.0636,
      0.08480000000000001,
      0.0636
    ],
    [
      0.45,
      0.308,
      0.132,
      0.033,
      0.04400000000000001,
      0.033
    ],
    [
      0.45,
      0.308,
      0.132,
      0.033,
      0.04400000000000001,
      0.033
    ],
    [
      0.43,
      0.31920000000000004,
      0.1368,
      0.0342,
      0.04560000000000001,
      0.0342
    ],
    [
      0.43,
      0.31920000000000004,
      0.1368,
      0.0342,
      0.04560000000000001,
      0.0342
    ],
    [
      0.41,
      0.3304,
      0.14160000000000003,
      0.03540000000000001,
      0.04720000000000001,
      0.03540000000000001
    ],
    [
      0.41,
      0.3304,
      0.14160000000000003,
      0.03540000000000001,
      0.04720000000000001,
      0.03540000000000001
    ],
    [
      0.39,
      0.34159999999999996,
      0.1464,
      0.0366,
      0.0488,
      0.0366
    ],
    [
      0.39,
      0.34159999999999996,
      0.1464,
      0.0366,
      0.0488,
      0.0366
    ],
    [
      0.37,
      0.3528,
      0.1512,
      0.0378,
      0.0504,
      0.0378
    ],
    [
      0.37,
      0.3528,
      0.1512,
      0.0378,
      0.0504,
      0.0378
    ],
    [
      0.35,
      0.364,
      0.156,
      0.039,
      0.052000000000000005,
      0.039
    ],
    [
      0.35,
      0.364,
      0.156,
      0.039,
      0.052000000000000005,
      0.039
    ],
    [
      0.33,
      0.3751999999999999,
      0.16079999999999997,
      0.04019999999999999,
      0.053599999999999995,
      0.04019999999999999
    ],
    [
      0.33,
      0.3751999999999999,
      0.16079999999999997,
      0.04019999999999999,
      0.053599999999999995,
      0.04019999999999999
    ],
    [
      0.31,
      0.3863999999999999,
      0.16559999999999997,
      0.04139999999999999,
      0.0552,
      0.04139999999999999
    ],
    [
      0.31,
      0.3863999999999999,
      0.16559999999999997,
      0.04139999999999999,
      0.0552,
      0.04139999999999999
    ],
    [
      0.29,
      0.39759999999999995,
      0.17039999999999997,
      0.04259999999999999,
      0.056799999999999996,
      0.04259999999999999
    ],
    [
      0.29,
      0.39759999999999995,
      0.17039999999999997,
      0.04259999999999999,
      0.056799999999999996,
      0.04259999999999999
    ],
    [
      0.27,
      0.40879999999999994,
      0.1752,
