{
  "client_id": "20250321162822",
  "name": "Financial Plan for Brandon Kremer",
  "goals": [
    {
      "name": "car",
      "amount": 35000,
      "age": 39,
      "priority": "Medium"
    }
  ],
  "cash_flows": [
    {
      "name": "401k",
      "amount": 17000,
      "start_age": 34,
      "end_age": 65,
      "growth_rate": 0.025
    },
    {
      "name": "Retirement Expenses",
      "amount": -30000,
      "start_age": 65,
      "end_age": 95,
      "growth_rate": 0.025
    }
  ],
  "liquidity_goals": [],
  "initial_portfolio": 300000,
  "asset_allocation": [
    0.5,
    0.2,
    0.1,
    0.1,
    0.05,
    0.05
  ],
  "allocation_constraints": {
    "Global Equity": {
      "min": 5.0,
      "max": 80.0
    },
    "Core Bond": {
      "min": 5.0,
      "max": 50.0
    },
    "Short-Term Bond": {
      "min": 0.0,
      "max": 5.0
    },
    "Global Credit": {
      "min": 5.0,
      "max": 60.0
    },
    "Real Assets": {
      "min": 5.0,
      "max": 25.0
    },
    "Liquid Alternatives": {
      "min": 0.0,
      "max": 10.0
    }
  },
  "risk_aversion": 6.8,
  "mean_reversion_speed": 0.0,
  "glidepath": [
    [
      0.65,
      0.147,
      0.063,
      0.041999999999999996,
      0.055999999999999994,
      0.041999999999999996
    ],
    [
      0.65,
      0.147,
      0.063,
      0.041999999999999996,
      0.055999999999999994,
      0.041999999999999996
    ],
    [
      0.65,
      0.147,
      0.063,
      0.041999999999999996,
      0.055999999999999994,
      0.041999999999999996
    ],
    [
      0.62,
      0.15959999999999996,
      0.06839999999999999,
      0.04560000000000001,
      0.060800000000000014,
      0.04560000000000001
    ],
    [
      0.62,
      0.15959999999999996,
      0.06839999999999999,
      0.04560000000000001,
      0.060800000000000014,
      0.04560000000000001
    ],
    [
      0.62,
      0.15959999999999996,
      0.06839999999999999,
      0.04560000000000001,
      0.060800000000000014,
      0.04560000000000001
    ],
    [
      0.59,
      0.1722,
      0.07379999999999999,
      0.04920000000000001,
      0.06560000000000002,
      0.04920000000000001
    ],
    [
      0.59,
      0.1722,
      0.07379999999999999,
      0.04920000000000001,
      0.06560000000000002,
      0.04920000000000001
    ],
    [
      0.59,
      0.1722,
      0.07379999999999999,
      0.04920000000000001,
      0.06560000000000002,
      0.04920000000000001
    ],
    [
      0.56,
      0.18479999999999996,
      0.07919999999999998,
      0.05279999999999999,
      0.0704,
      0.05279999999999999
    ],
    [
      0.56,
      0.18479999999999996,
      0.07919999999999998,
      0.05279999999999999,
      0.0704,
      0.05279999999999999
    ],
    [
      0.56,
      0.18479999999999996,
      0.07919999999999998,
      0.05279999999999999,
      0.0704,
      0.05279999999999999
    ],
    [
      0.53,
      0.19739999999999996,
      0.0846,
      0.0564,
      0.0752,
      0.0564
    ],
    [
      0.53,
      0.19739999999999996,
      0.0846,
      0.0564,
      0.0752,
      0.0564
    ],
    [
      0.53,
      0.19739999999999996,
      0.0846,
      0.0564,
      0.0752,
      0.0564
    ],
    [
      0.5,
      0.21,
      0.09,
      0.06,
      0.08000000000000002,
      0.06
    ],
    [
      0.5,
      0.21,
      0.09,
      0.06,
      0.08000000000000002,
      0.06
    ],
    [
      0.5,
      0.21,
      0.09,
      0.06,
      0.08000000000000002,
      0.06
    ],
    [
      0.47,
      0.2226,
      0.0954,
      0.0636,
      0.08480000000000001,
      0.0636
    ],
    [
      0.47,
      0.2226,
      0.0954,
      0.0636,
      0.08480000000000001,
      0.0636
    ],
    [
      0.47,
      0.2226,
      0.0954,
      0.0636,
      0.08480000000000001,
      0.0636
    ],
    [
      0.44,
      0.2352,
      0.1008,
      0.06720000000000001,
      0.08960000000000001,
      0.06720000000000001
    ],
    [
      0.44,
      0.2352,
      0.1008,
      0.06720000000000001,
      0.08960000000000001,
      0.06720000000000001
    ],
    [
      0.44,
      0.2352,
      0.1008,
      0.06720000000000001,
      0.08960000000000001,
      0.06720000000000001
    ],
    [
      0.41,
      0.24780000000000002,
      0.1062,
      0.07080000000000002,
      0.09440000000000003,
      0.07080000000000002
    ],
    [
      0.41,
      0.24780000000000002,
      0.1062,
      0.07080000000000002,
      0.09440000000000003,
      0.07080000000000002
    ],
    [
      0.41,
      0.24780000000000002,
      0.1062,
      0.07080000000000002,
      0.09440000000000003,
      0.07080000000000002
    ],
    [
      0.38,
      0.26039999999999996,
      0.11159999999999999,
      0.0744,
      0.09920000000000001,
      0.0744
    ],
    [
      0.38,
      0.26039999999999996,
      0.11159999999999999,
      0.0744,
      0.09920000000000001,
      0.0744
    ],
    [
      0.38,
      0.26039999999999996,
      0.11159999999999999,
      0.0744,
      0.09920000000000001,
      0.0744
    ],
    [
      0.35,
      0.364,
      0.156,
      0.039,
      0.052000000000000005,
      0.039
    ],
    [
      0.35,
      0.364,
      0.156,
      0.039,
      0.052000000000000005,
      0.039
    ],
    [
      0.35,
      0.364,
      0.156,
      0.039,
      0.052000000000000005,
      0.039
    ],
    [
      0.32,
      0.3807999999999999,
      0.16319999999999998,
      0.040799999999999996,
      0.0544,
      0.040799999999999996
    ],
    [
      0.32,
      0.3807999999999999,
      0.16319999999999998,
      0.040799999999999996,
      0.0544,
      0.040799999999999996
    ],
    [
      0.32,
      0.3807999999999999,
      0.16319999999999998,
      0.040799999999999996,
      0.0544,
      0.040799999999999996
    ],
    [
      0.29,
      0.39759999999999995,
      0.17039999999999997,
      0.04259999999999999,
      0.056799999999999996,
      0.04259999999999999
    ],
    [
      0.29,
      0.39759999999999995,
      0.17039999999999997,
      0.04259999999999999,
      0.056799999999999996,
      0.04259999999999999
    ],
    [
      0.29,
      0.39759999999999995,
      0.17039999999999997,
      0.04259999999999999,
      0.056799999999999996,
      0.04259999999999999
    ],
    [
      0.26,
      0.41439999999999994,
      0.17759999999999998,
      0.044399999999999995,
      0.0592,
      0.044399999999999995
    ],
    [
      0.26,
      0.41439999999999994,
      0.17759999999999998,
      0.044399999999999995,
      0.0592,
      0.044399999999999995
    ],
    [
      0.26,
      0.41439999999999994,
      0.17759999999999998,
      0.044399999999999995,
      0.0592,
      0.044399999999999995
    ],
    [
      0.23,
      0.4312,
      0.18480000000000002,
      0.046200000000000005,
      0.061600000000000016,
      0.046200000000000005
    ],
    [
      0.23,
      0.4312,
      0.18480000000000002,
      0.046200000000000005,
      0.061600000000000016,
      0.046200000000000005
    ],
    [
      0.23,
      0.4312,
      0.18480000000000002,
      0.046200000000000005,
      0.061600000000000016,
      0.046200000000000005
    ],
    [
      0.2,
      0.44800000000000006,
      0.19200000000000003,
      0.04800000000000001,
      0.06400000000000002,
      0.04800000000000001
    ],
    [
      0.2,
      0.44800000000000006,
      0.19200000000000003,
      0.04800000000000001,
      0.06400000000000002,
      0.04800000000000001
    ],
    [
      0.2,
      0.44800000000000006,
      0.19200000000000003,
      0.04800000000000001,
      0.06400000000000002,
      0.04800000000000001
    ],
    [
      0.17,
      0.4648,
      0.19920000000000002,
      0.049800000000000004,
      0.0664,
      0.049800000000000004
    ],
    [
      0.17,
      0.4648,
      0.19920000000000002,
      0.049800000000000004,
      0.0664,
      0.049800000000000004
    ],
    [
      0.17,
      0.4648,
      0.19920000000000002,
