{
  "client_id": "20250321162822",
  "name": "Financial Plan for Brandon Kremer",
  "goals": [],
  "cash_flows": [],
  "initial_portfolio": 300000,
  "asset_allocation": [
    0.5,
    0.2,
    0.1,
    0.1,
    0.05,
    0.05
  ],
  "allocation_constraints": {
    "Global Equity": {
      "min": 5.0,
      "max": 60.0
    },
    "Core Bond": {
      "min": 5.0,
      "max": 60.0
    },
    "Short-Term Bond": {
      "min": 5.0,
      "max": 60.0
    },
    "Global Credit": {
      "min": 5.0,
      "max": 60.0
    },
    "Real Assets": {
      "min": 5.0,
      "max": 60.0
    },
    "Liquid Alternatives": {
      "min": 5.0,
      "max": 60.0
    }
  },
  "risk_aversion": 3.0,
  "mean_reversion_speed": 0.15,
  "glidepath": [
    [
      0.65,
      0.147,
      0.063,
      0.041999999999999996,
      0.055999999999999994,
      0.041999999999999996
    ],
    [
      0.65,
      0.147,
      0.063,
      0.041999999999999996,
      0.055999999999999994,
      0.041999999999999996
    ],
    [
      0.65,
      0.147,
      0.063,
      0.041999999999999996,
      0.055999999999999994,
      0.041999999999999996
    ],
    [
      0.65,
      0.147,
      0.063,
      0.041999999999999996,
      0.055999999999999994,
      0.041999999999999996
    ],
    [
      0.65,
      0.147,
      0.063,
      0.041999999999999996,
      0.055999999999999994,
      0.041999999999999996
    ],
    [
      0.65,
      0.147,
      0.063,
      0.041999999999999996,
      0.055999999999999994,
      0.041999999999999996
    ],
    [
      0.59,
      0.1722,
      0.07379999999999999,
      0.04920000000000001,
      0.06560000000000002,
      0.04920000000000001
    ],
    [
      0.59,
      0.1722,
      0.07379999999999999,
      0.04920000000000001,
      0.06560000000000002,
      0.04920000000000001
    ],
    [
      0.59,
      0.1722,
      0.07379999999999999,
      0.04920000000000001,
      0.06560000000000002,
      0.04920000000000001
    ],
    [
      0.59,
      0.1722,
      0.07379999999999999,
      0.04920000000000001,
      0.06560000000000002,
      0.04920000000000001
    ],
    [
      0.59,
      0.1722,
      0.07379999999999999,
      0.04920000000000001,
      0.06560000000000002,
      0.04920000000000001
    ],
    [
      0.59,
      0.1722,
      0.07379999999999999,
      0.04920000000000001,
      0.06560000000000002,
      0.04920000000000001
    ],
    [
      0.53,
      0.19739999999999996,
      0.0846,
      0.0564,
      0.0752,
      0.0564
    ],
    [
      0.53,
      0.19739999999999996,
      0.0846,
      0.0564,
      0.0752,
      0.0564
    ],
    [
      0.53,
      0.19739999999999996,
      0.0846,
      0.0564,
      0.0752,
      0.0564
    ],
    [
      0.53,
      0.19739999999999996,
      0.0846,
      0.0564,
      0.0752,
      0.0564
    ],
    [
      0.53,
      0.19739999999999996,
      0.0846,
      0.0564,
      0.0752,
      0.0564
    ],
    [
      0.53,
      0.19739999999999996,
      0.0846,
      0.0564,
      0.0752,
      0.0564
    ],
    [
      0.47,
      0.2226,
      0.0954,
      0.0636,
      0.08480000000000001,
      0.0636
    ],
    [
      0.47,
      0.2226,
      0.0954,
      0.0636,
      0.08480000000000001,
      0.0636
    ],
    [
      0.47,
      0.2226,
      0.0954,
      0.0636,
      0.08480000000000001,
      0.0636
    ],
    [
      0.47,
      0.2226,
      0.0954,
      0.0636,
      0.08480000000000001,
      0.0636
    ],
    [
      0.47,
      0.2226,
      0.0954,
      0.0636,
      0.08480000000000001,
      0.0636
    ],
    [
      0.47,
      0.2226,
      0.0954,
      0.0636,
      0.08480000000000001,
      0.0636
    ],
    [
      0.41,
      0.24780000000000002,
      0.1062,
      0.07080000000000002,
      0.09440000000000003,
      0.07080000000000002
    ],
    [
      0.41,
      0.24780000000000002,
      0.1062,
      0.07080000000000002,
      0.09440000000000003,
      0.07080000000000002
    ],
    [
      0.41,
      0.24780000000000002,
      0.1062,
      0.07080000000000002,
      0.09440000000000003,
      0.07080000000000002
    ],
    [
      0.41,
      0.24780000000000002,
      0.1062,
      0.07080000000000002,
      0.09440000000000003,
      0.07080000000000002
    ],
    [
      0.41,
      0.24780000000000002,
      0.1062,
      0.07080000000000002,
      0.09440000000000003,
      0.07080000000000002
    ],
    [
      0.41,
      0.24780000000000002,
      0.1062,
      0.07080000000000002,
      0.09440000000000003,
      0.07080000000000002
    ],
    [
      0.35,
      0.364,
      0.156,
      0.039,
      0.052000000000000005,
      0.039
    ],
    [
      0.35,
      0.364,
      0.156,
      0.039,
      0.052000000000000005,
      0.039
    ],
    [
      0.35,
      0.364,
      0.156,
      0.039,
      0.052000000000000005,
      0.039
    ],
    [
      0.35,
      0.364,
      0.156,
      0.039,
      0.052000000000000005,
      0.039
    ],
    [
      0.35,
      0.364,
      0.156,
      0.039,
      0.052000000000000005,
      0.039
    ],
    [
      0.35,
      0.364,
      0.156,
      0.039,
      0.052000000000000005,
      0.039
    ],
    [
      0.29,
      0.39759999999999995,
      0.17039999999999997,
      0.04259999999999999,
      0.056799999999999996,
      0.04259999999999999
    ],
    [
      0.29,
      0.39759999999999995,
      0.17039999999999997,
      0.04259999999999999,
      0.056799999999999996,
      0.04259999999999999
    ],
    [
      0.29,
      0.39759999999999995,
      0.17039999999999997,
      0.04259999999999999,
      0.056799999999999996,
      0.04259999999999999
    ],
    [
      0.29,
      0.39759999999999995,
      0.17039999999999997,
      0.04259999999999999,
      0.056799999999999996,
      0.04259999999999999
    ],
    [
      0.29,
      0.39759999999999995,
      0.17039999999999997,
      0.04259999999999999,
      0.056799999999999996,
      0.04259999999999999
    ],
    [
      0.29,
      0.39759999999999995,
      0.17039999999999997,
      0.04259999999999999,
      0.056799999999999996,
      0.04259999999999999
    ],
    [
      0.23,
      0.4312,
      0.18480000000000002,
      0.046200000000000005,
      0.061600000000000016,
      0.046200000000000005
    ],
    [
      0.23,
      0.4312,
      0.18480000000000002,
      0.046200000000000005,
      0.061600000000000016,
      0.046200000000000005
    ],
    [
      0.23,
      0.4312,
      0.18480000000000002,
      0.046200000000000005,
      0.061600000000000016,
      0.046200000000000005
    ],
    [
      0.23,
      0.4312,
      0.18480000000000002,
      0.046200000000000005,
      0.061600000000000016,
      0.046200000000000005
    ],
    [
      0.23,
      0.4312,
      0.18480000000000002,
      0.046200000000000005,
      0.061600000000000016,
      0.046200000000000005
    ],
    [
      0.23,
      0.4312,
      0.18480000000000002,
      0.046200000000000005,
      0.061600000000000016,
      0.046200000000000005
    ],
    [
      0.17,
      0.4648,
      0.19920000000000002,
      0.049800000000000004,
      0.0664,
      0.049800000000000004
    ],
    [
      0.17,
      0.4648,
      0.19920000000000002,
      0.049800000000000004,
      0.0664,
      0.049800000000000004
    ],
    [
      0.17,
      0.4648,
      0.19920000000000002,
      0.049800000000000004,
      0.0664,
      0.049800000000000004
    ],
    [
      0.17,
      0.4648,
      0.19920000000000002,
      0.049800000000000004,
      0.0664,
      0.049800000000000004
    ],
    [
      0.17,
      0.4648,
      0.19920000000000002,
      0.049800000000000004,
      0.0664,
      0.049800000000000004
    ],
    [
      0.17,
      0.4648,
      0.19920000000000002,
      0.049800000000000004,
      0.0664,
      0.049800000000000004
    ],
    [
      0.11,
      0.4984,
      0.2136,
      0.0534,
      0.07120000000000001,
      0.0534
    ],
    [
      0.11,
