{"client_id": "20250321162822", "name": "Financial Plan for Brandon Kremer", "goals": [], "cash_flows": [], "initial_portfolio": 100000, "asset_allocation": [0.5, 0.2, 0.1, 0.1, 0.05, 0.05], "allocation_constraints": {"Global Equity": {"min": 5.0, "max": 60.0}, "Core Bond": {"min": 5.0, "max": 60.0}, "Short-Term Bond": {"min": 5.0, "max": 60.0}, "Global Credit": {"min": 5.0, "max": 60.0}, "Real Assets": {"min": 5.0, "max": 60.0}, "Liquid Alternatives": {"min": 5.0, "max": 60.0}}, "risk_aversion": 3.0, "mean_reversion_speed": 0.15, "glidepath": [[0.6500000006019576, 0.1469999982302445, 0.06299999924153336, 0.041999999494355574, 0.056000011364960356, 0.0420000115335085], [0.6500000006019576, 0.1469999982302445, 0.06299999924153336, 0.041999999494355574, 0.056000011364960356, 0.0420000115335085], [0.6500000006019576, 0.1469999982302445, 0.06299999924153336, 0.041999999494355574, 0.056000011364960356, 0.0420000115335085], [0.6500000006019576, 0.1469999982302445, 0.06299999924153336, 0.041999999494355574, 0.056000011364960356, 0.0420000115335085], [0.6500000006019576, 0.1469999982302445, 0.06299999924153336, 0.041999999494355574, 0.056000011364960356, 0.0420000115335085], [0.6500000006019576, 0.1469999982302445, 0.06299999924153336, 0.041999999494355574, 0.056000011364960356, 0.0420000115335085], [0.5899999928968997, 0.17219999792685786, 0.07380001115066342, 0.04920001144682661, 0.06560001124938451, 0.04919999940767368], [0.5899999928968997, 0.17219999792685786, 0.07380001115066342, 0.04920001144682661, 0.06560001124938451, 0.04919999940767368], [0.5899999928968997, 0.17219999792685786, 0.07380001115066342, 0.04920001144682661, 0.06560001124938451, 0.04919999940767368], [0.5899999928968997, 0.17219999792685786, 0.07380001115066342, 0.04920001144682661, 0.06560001124938451, 0.04919999940767368], [0.5899999928968997, 0.17219999792685786, 0.07380001115066342, 0.04920001144682661, 0.06560001124938451, 0.04919999940767368], [0.5899999928968997, 0.17219999792685786, 0.07380001115066342, 0.04920001144682661, 0.06560001124938451, 0.04919999940767368], [0.530000002046656, 0.19739999762347119, 0.08460001102064059, 0.056399999320991774, 0.0751999990946557, 0.0564000113601447], [0.530000002046656, 0.19739999762347119, 0.08460001102064059, 0.056399999320991774, 0.0751999990946557, 0.0564000113601447], [0.530000002046656, 0.19739999762347119, 0.08460001102064059, 0.056399999320991774, 0.0751999990946557, 0.0564000113601447], [0.530000002046656, 0.19739999762347119, 0.08460001102064059, 0.056399999320991774, 0.0751999990946557, 0.0564000113601447], [0.530000002046656, 0.19739999762347119, 0.08460001102064059, 0.056399999320991774, 0.0751999990946557, 0.0564000113601447], [0.530000002046656, 0.19739999762347119, 0.08460001102064059, 0.056399999320991774, 0.0751999990946557, 0.0564000113601447], [0.47000000276900517, 0.22259999732008456, 0.09540001089061774, 0.06359999923430988, 0.08480001101823277, 0.0636000112734628], [0.47000000276900517, 0.22259999732008456, 0.09540001089061774, 0.06359999923430988, 0.08480001101823277, 0.0636000112734628], [0.47000000276900517, 0.22259999732008456, 0.09540001089061774, 0.06359999923430988, 0.08480001101823277, 0.0636000112734628], [0.47000000276900517, 0.22259999732008456, 0.09540001089061774, 0.06359999923430988, 0.08480001101823277, 0.0636000112734628], [0.47000000276900517, 0.22259999732008456, 0.09540001089061774, 0.06359999923430988, 0.08480001101823277, 0.0636000112734628], [0.47000000276900517, 0.22259999732008456, 0.09540001089061774, 0.06359999923430988, 0.08480001101823277, 0.0636000112734628], [0.4099999950639473, 0.24780000905585084, 0.10620001076059489, 0.07079999914762798, 0.09439999886350399, 0.07080001118678092], [0.4099999950639473, 0.24780000905585084, 0.10620001076059489, 0.07079999914762798, 0.09439999886350399, 0.07080001118678092], [0.4099999950639473, 0.24780000905585084, 0.10620001076059489, 0.07079999914762798, 0.09439999886350399, 0.07080001118678092], [0.4099999950639473, 0.24780000905585084, 0.10620001076059489, 0.07079999914762798, 0.09439999886350399, 0.07080001118678092], [0.4099999950639473, 0.24780000905585084, 0.10620001076059489, 0.07079999914762798, 0.09439999886350399, 0.07080001118678092], [0.4099999950639473, 0.24780000905585084, 0.10620001076059489, 0.07079999914762798, 0.09439999886350399, 0.07080001118678092], [0.3499999957862965, 0.3639999956177483, 0.15600001016104506, 0.03900001156962596, 0.05200001141311698, 0.038999999530473034], [0.3499999957862965, 0.3639999956177483, 0.15600001016104506, 0.03900001156962596, 0.05200001141311698, 0.038999999530473034], [0.3499999957862965, 0.3639999956177483, 0.15600001016104506, 0.03900001156962596, 0.05200001141311698, 0.038999999530473034], [0.3499999957862965, 0.3639999956177483, 0.15600001016104506, 0.03900001156962596, 0.05200001141311698, 0.038999999530473034], [0.3499999957862965, 0.3639999956177483, 0.15600001016104506, 0.03900001156962596, 0.05200001141311698, 0.038999999530473034], [0.3499999957862965, 0.3639999956177483, 0.15600001016104506, 0.03900001156962596, 0.05200001141311698, 0.038999999530473034], [0.2899999965086456, 0.3976000072523857, 0.1703999979485283, 0.042600011526285, 0.05679999931617611, 0.04259999948713208], [0.2899999965086456, 0.3976000072523857, 0.1703999979485283, 0.042600011526285, 0.05679999931617611, 0.04259999948713208], [0.2899999965086456, 0.3976000072523857, 0.1703999979485283, 0.042600011526285, 0.05679999931617611, 0.04259999948713208], [0.2899999965086456, 0.3976000072523857, 0.1703999979485283, 0.042600011526285, 0.05679999931617611, 0.04259999948713208], [0.2899999965086456, 0.3976000072523857, 0.1703999979485283, 0.042600011526285, 0.05679999931617611, 0.04259999948713208], [0.2899999965086456, 0.3976000072523857, 0.1703999979485283, 0.042600011526285, 0.05679999931617611, 0.04259999948713208], [0.2300000056584019, 0.4312000068478702, 0.1848000098143175, 0.04619999944379114, 0.061599999258388195, 0.046200011482944066], [0.2300000056584019, 0.4312000068478702, 0.1848000098143175, 0.04619999944379114, 0.061599999258388195, 0.046200011482944066], [0.2300000056584019, 0.4312000068478702, 0.1848000098143175, 0.04619999944379114, 0.061599999258388195, 0.046200011482944066], [0.2300000056584019, 0.4312000068478702, 0.1848000098143175, 0.04619999944379114, 0.061599999258388195, 0.046200011482944066], [0.2300000056584019, 0.4312000068478702, 0.1848000098143175, 0.04619999944379114, 0.061599999258388195, 0.046200011482944066], [0.2300000056584019, 0.4312000068478702, 0.1848000098143175, 0.04619999944379114, 0.061599999258388195, 0.046200011482944066], [0.17000000638075105, 0.4648000064433546, 0.19919999760180077, 0.049800011439603116, 0.06639999920060025, 0.049800011439603116], [0.17000000638075105, 0.4648000064433546, 0.19919999760180077, 0.049800011439603116, 0.06639999920060025, 0.049800011439603116], [0.17000000638075105, 0.4648000064433546, 0.19919999760180077, 0.049800011439603116, 0.06639999920060025, 0.049800011439603116], [0.17000000638075105, 0.4648000064433546, 0.19919999760180077, 0.049800011439603116, 0.06639999920060025, 0.049800011439603116], [0.17000000638075105, 0.4648000064433546, 0.19919999760180077, 0.049800011439603116, 0.06639999920060025, 0.049800011439603116], [0.17000000638075105, 0.4648000064433546, 0.19919999760180077, 0.049800011439603116, 0.06639999920060025, 0.049800011439603116], [0.10999999867569318, 0.4984000060388391, 0.21360000946758986, 0.053399999357109235, 0.07120001118196526, 0.05340001139626216], [0.10999999867569318, 0.4984000060388391, 0.21360000946758986, 0.053399999357109235, 0.07120001118196526, 0.05340001139626216], [0.10999999867569318, 0.4984000060388391, 0.21360000946758986, 0.053399999357109235, 0.07120001118196526, 0.05340001139626216], [0.10999999867569318, 0.4984000060388391, 0.21360000946758986, 0.053399999357109235, 0.07120001118196526, 0.05340001139626216], [0.10999999867569318, 0.4984000060388391, 0.21360000946758986, 0.053399999357109235, 