{
  "client_id": "20250321162822",
  "name": "Financial Plan for Brandon Kremer",
  "goals": [],
  "cash_flows": [],
  "liquidity_goals": [],
  "initial_portfolio": 300000,
  "asset_allocation": [
    0.5,
    0.2,
    0.1,
    0.1,
    0.05,
    0.05
  ],
  "allocation_constraints": {
    "Global Equity": {
      "min": 5.0,
      "max": 60.0
    },
    "Core Bond": {
      "min": 5.0,
      "max": 60.0
    },
    "Short-Term Bond": {
      "min": 5.0,
      "max": 60.0
    },
    "Global Credit": {
      "min": 5.0,
      "max": 60.0
    },
    "Real Assets": {
      "min": 5.0,
      "max": 60.0
    },
    "Liquid Alternatives": {
      "min": 5.0,
      "max": 60.0
    }
  },
  "risk_aversion": 3.8,
  "mean_reversion_speed": 0.15,
  "glidepath": [
    [
      0.75,
      0.105,
      0.045,
      0.03,
      0.04000000000000001,
      0.03
    ],
    [
      0.75,
      0.105,
      0.045,
      0.03,
      0.04000000000000001,
      0.03
    ],
    [
      0.75,
      0.105,
      0.045,
      0.03,
      0.04000000000000001,
      0.03
    ],
    [
      0.75,
      0.105,
      0.045,
      0.03,
      0.04000000000000001,
      0.03
    ],
    [
      0.75,
      0.105,
      0.045,
      0.03,
      0.04000000000000001,
      0.03
    ],
    [
      0.75,
      0.105,
      0.045,
      0.03,
      0.04000000000000001,
      0.03
    ],
    [
      0.69,
      0.1302,
      0.05580000000000001,
      0.037200000000000004,
      0.04960000000000001,
      0.037200000000000004
    ],
    [
      0.69,
      0.1302,
      0.05580000000000001,
      0.037200000000000004,
      0.04960000000000001,
      0.037200000000000004
    ],
    [
      0.69,
      0.1302,
      0.05580000000000001,
      0.037200000000000004,
      0.04960000000000001,
      0.037200000000000004
    ],
    [
      0.69,
      0.1302,
      0.05580000000000001,
      0.037200000000000004,
      0.04960000000000001,
      0.037200000000000004
    ],
    [
      0.69,
      0.1302,
      0.05580000000000001,
      0.037200000000000004,
      0.04960000000000001,
      0.037200000000000004
    ],
    [
      0.69,
      0.1302,
      0.05580000000000001,
      0.037200000000000004,
      0.04960000000000001,
      0.037200000000000004
    ],
    [
      0.63,
      0.15539999999999998,
      0.06659999999999999,
      0.044399999999999995,
      0.0592,
      0.044399999999999995
    ],
    [
      0.63,
      0.15539999999999998,
      0.06659999999999999,
      0.044399999999999995,
      0.0592,
      0.044399999999999995
    ],
    [
      0.63,
      0.15539999999999998,
      0.06659999999999999,
      0.044399999999999995,
      0.0592,
      0.044399999999999995
    ],
    [
      0.63,
      0.15539999999999998,
      0.06659999999999999,
      0.044399999999999995,
      0.0592,
      0.044399999999999995
    ],
    [
      0.63,
      0.15539999999999998,
      0.06659999999999999,
      0.044399999999999995,
      0.0592,
      0.044399999999999995
    ],
    [
      0.63,
      0.15539999999999998,
      0.06659999999999999,
      0.044399999999999995,
      0.0592,
      0.044399999999999995
    ],
    [
      0.57,
      0.18059999999999998,
      0.0774,
      0.051600000000000014,
      0.06880000000000001,
      0.051600000000000014
    ],
    [
      0.57,
      0.18059999999999998,
      0.0774,
      0.051600000000000014,
      0.06880000000000001,
      0.051600000000000014
    ],
    [
      0.57,
      0.18059999999999998,
      0.0774,
      0.051600000000000014,
      0.06880000000000001,
      0.051600000000000014
    ],
    [
      0.57,
      0.18059999999999998,
      0.0774,
      0.051600000000000014,
      0.06880000000000001,
      0.051600000000000014
    ],
    [
      0.57,
      0.18059999999999998,
      0.0774,
      0.051600000000000014,
      0.06880000000000001,
      0.051600000000000014
    ],
    [
      0.57,
      0.18059999999999998,
      0.0774,
      0.051600000000000014,
      0.06880000000000001,
      0.051600000000000014
    ],
    [
      0.51,
      0.20579999999999998,
      0.08819999999999999,
      0.0588,
      0.07840000000000001,
      0.0588
    ],
    [
      0.51,
      0.20579999999999998,
      0.08819999999999999,
      0.0588,
      0.07840000000000001,
      0.0588
    ],
    [
      0.51,
      0.20579999999999998,
      0.08819999999999999,
      0.0588,
      0.07840000000000001,
      0.0588
    ],
    [
      0.51,
      0.20579999999999998,
      0.08819999999999999,
      0.0588,
      0.07840000000000001,
      0.0588
    ],
    [
      0.51,
      0.20579999999999998,
      0.08819999999999999,
      0.0588,
      0.07840000000000001,
      0.0588
    ],
    [
      0.51,
      0.20579999999999998,
      0.08819999999999999,
      0.0588,
      0.07840000000000001,
      0.0588
    ],
    [
      0.45,
      0.308,
      0.132,
      0.033,
      0.04400000000000001,
      0.033
    ],
    [
      0.45,
      0.308,
      0.132,
      0.033,
      0.04400000000000001,
      0.033
    ],
    [
      0.45,
      0.308,
      0.132,
      0.033,
      0.04400000000000001,
      0.033
    ],
    [
      0.45,
      0.308,
      0.132,
      0.033,
      0.04400000000000001,
      0.033
    ],
    [
      0.45,
      0.308,
      0.132,
      0.033,
      0.04400000000000001,
      0.033
    ],
    [
      0.45,
      0.308,
      0.132,
      0.033,
      0.04400000000000001,
      0.033
    ],
    [
      0.39,
      0.34159999999999996,
      0.1464,
      0.0366,
      0.0488,
      0.0366
    ],
    [
      0.39,
      0.34159999999999996,
      0.1464,
      0.0366,
      0.0488,
      0.0366
    ],
    [
      0.39,
      0.34159999999999996,
      0.1464,
      0.0366,
      0.0488,
      0.0366
    ],
    [
      0.39,
      0.34159999999999996,
      0.1464,
      0.0366,
      0.0488,
      0.0366
    ],
    [
      0.39,
      0.34159999999999996,
      0.1464,
      0.0366,
      0.0488,
      0.0366
    ],
    [
      0.39,
      0.34159999999999996,
      0.1464,
      0.0366,
      0.0488,
      0.0366
    ],
    [
      0.33,
      0.3751999999999999,
      0.16079999999999997,
      0.04019999999999999,
      0.053599999999999995,
      0.04019999999999999
    ],
    [
      0.33,
      0.3751999999999999,
      0.16079999999999997,
      0.04019999999999999,
      0.053599999999999995,
      0.04019999999999999
    ],
    [
      0.33,
      0.3751999999999999,
      0.16079999999999997,
      0.04019999999999999,
      0.053599999999999995,
      0.04019999999999999
    ],
    [
      0.33,
      0.3751999999999999,
      0.16079999999999997,
      0.04019999999999999,
      0.053599999999999995,
      0.04019999999999999
    ],
    [
      0.33,
      0.3751999999999999,
      0.16079999999999997,
      0.04019999999999999,
      0.053599999999999995,
      0.04019999999999999
    ],
    [
      0.33,
      0.3751999999999999,
      0.16079999999999997,
      0.04019999999999999,
      0.053599999999999995,
      0.04019999999999999
    ],
    [
      0.27,
      0.40879999999999994,
      0.1752,
      0.0438,
      0.0584,
      0.0438
    ],
    [
      0.27,
      0.40879999999999994,
      0.1752,
      0.0438,
      0.0584,
      0.0438
    ],
    [
      0.27,
      0.40879999999999994,
      0.1752,
      0.0438,
      0.0584,
      0.0438
    ],
    [
      0.27,
      0.40879999999999994,
      0.1752,
      0.0438,
      0.0584,
      0.0438
    ],
    [
      0.27,
      0.40879999999999994,
      0.1752,
      0.0438,
      0.0584,
      0.0438
    ],
    [
      0.27,
      0.40879999999999994,
      0.1752,
      0.0438,
      0.0584,
      0.0438
    ],
    [
      0.21,
      0.44240000000000007,
      0.18960000000000002,
      0.047400000000000005,
      0.06320000000000002,
      0.047400000000000005
    ],
    [
      0.21,
      0.44240000000000007,
      0.18960000000000002,
      0.047400000000000005,
      0.06320000000000002,
