{
  "client_id": "20250321162822",
  "name": "Financial Plan for Brandon Kremer",
  "goals": [],
  "cash_flows": [],
  "initial_portfolio": 100000,
  "asset_allocation": [
    0.5,
    0.2,
    0.1,
    0.1,
    0.05,
    0.05
  ],
  "allocation_constraints": {
    "Global Equity": {
      "min": 5.0,
      "max": 60.0
    },
    "Core Bond": {
      "min": 5.0,
      "max": 60.0
    },
    "Short-Term Bond": {
      "min": 5.0,
      "max": 60.0
    },
    "Global Credit": {
      "min": 5.0,
      "max": 60.0
    },
    "Real Assets": {
      "min": 5.0,
      "max": 60.0
    },
    "Liquid Alternatives": {
      "min": 5.0,
      "max": 60.0
    }
  },
  "risk_aversion": 3.0,
  "mean_reversion_speed": 0.15,
  "glidepath": [
    [
      0.6500002137539815,
      0.14700752096140254,
      0.06300839212233472,
      0.04200061516849055,
      0.056007207624680186,
      0.04200734806465712
    ],
    [
      0.6500002137539815,
      0.14700752096140254,
      0.06300839212233472,
      0.04200061516849055,
      0.056007207624680186,
      0.04200734806465712
    ],
    [
      0.6500002137539815,
      0.14700752096140254,
      0.06300839212233472,
      0.04200061516849055,
      0.056007207624680186,
      0.04200734806465712
    ],
    [
      0.6500002137539815,
      0.14700752096140254,
      0.06300839212233472,
      0.04200061516849055,
      0.056007207624680186,
      0.04200734806465712
    ],
    [
      0.6500002137539815,
      0.14700752096140254,
      0.06300839212233472,
      0.04200061516849055,
      0.056007207624680186,
      0.04200734806465712
    ],
    [
      0.6500002137539815,
      0.14700752096140254,
      0.06300839212233472,
      0.04200061516849055,
      0.056007207624680186,
      0.04200734806465712
    ],
    [
      0.5899940821007725,
      0.17219927991297676,
      0.07380700118686816,
      0.04920853055602627,
      0.06560836539796695,
      0.049206269156348
    ],
    [
      0.5899940821007725,
      0.17219927991297676,
      0.07380700118686816,
      0.04920853055602627,
      0.06560836539796695,
      0.049206269156348
    ],
    [
      0.5899940821007725,
      0.17219927991297676,
      0.07380700118686816,
      0.04920853055602627,
      0.06560836539796695,
      0.049206269156348
    ],
    [
      0.5899940821007725,
      0.17219927991297676,
      0.07380700118686816,
      0.04920853055602627,
      0.06560836539796695,
      0.049206269156348
    ],
    [
      0.5899940821007725,
      0.17219927991297676,
      0.07380700118686816,
      0.04920853055602627,
      0.06560836539796695,
      0.049206269156348
    ],
    [
      0.5899940821007725,
      0.17219927991297676,
      0.07380700118686816,
      0.04920853055602627,
      0.06560836539796695,
      0.049206269156348
    ],
    [
      0.5300024533709761,
      0.19740131704176703,
      0.08460015866597527,
      0.05640169626985754,
      0.0752082412178557,
      0.05640720361210942
    ],
    [
      0.5300024533709761,
      0.19740131704176703,
      0.08460015866597527,
      0.05640169626985754,
      0.0752082412178557,
      0.05640720361210942
    ],
    [
      0.5300024533709761,
      0.19740131704176703,
      0.08460015866597527,
      0.05640169626985754,
      0.0752082412178557,
      0.05640720361210942
    ],
    [
      0.5300024533709761,
      0.19740131704176703,
      0.08460015866597527,
      0.05640169626985754,
      0.0752082412178557,
      0.05640720361210942
    ],
    [
      0.5300024533709761,
      0.19740131704176703,
      0.08460015866597527,
      0.05640169626985754,
      0.0752082412178557,
      0.05640720361210942
    ],
    [
      0.5300024533709761,
      0.19740131704176703,
      0.08460015866597527,
      0.05640169626985754,
      0.0752082412178557,
      0.05640720361210942
    ],
    [
      0.4699952858720035,
      0.22260452906426162,
      0.09540803858303183,
      0.06359936264390542,
      0.08480691871958479,
      0.06360939278551385
    ],
    [
      0.4699952858720035,
      0.22260452906426162,
      0.09540803858303183,
      0.06359936264390542,
      0.08480691871958479,
      0.06360939278551385
    ],
    [
      0.4699952858720035,
      0.22260452906426162,
      0.09540803858303183,
      0.06359936264390542,
      0.08480691871958479,
      0.06360939278551385
    ],
    [
      0.4699952858720035,
      0.22260452906426162,
      0.09540803858303183,
      0.06359936264390542,
      0.08480691871958479,
      0.06360939278551385
    ],
    [
      0.4699952858720035,
      0.22260452906426162,
      0.09540803858303183,
      0.06359936264390542,
      0.08480691871958479,
      0.06360939278551385
    ],
    [
      0.4699952858720035,
      0.22260452906426162,
      0.09540803858303183,
      0.06359936264390542,
      0.08480691871958479,
      0.06360939278551385
    ],
    [
      0.4099969236033825,
      0.2477985215371013,
      0.10620566884394278,
      0.07080929203816946,
      0.09439908219702671,
      0.07080705915956173
    ],
    [
      0.4099969236033825,
      0.2477985215371013,
      0.10620566884394278,
      0.07080929203816946,
      0.09439908219702671,
      0.07080705915956173
    ],
    [
      0.4099969236033825,
      0.2477985215371013,
      0.10620566884394278,
      0.07080929203816946,
      0.09439908219702671,
      0.07080705915956173
    ],
    [
      0.4099969236033825,
      0.2477985215371013,
      0.10620566884394278,
      0.07080929203816946,
      0.09439908219702671,
      0.07080705915956173
    ],
    [
      0.4099969236033825,
      0.2477985215371013,
      0.10620566884394278,
      0.07080929203816946,
      0.09439908219702671,
      0.07080705915956173
    ],
    [
      0.4099969236033825,
      0.2477985215371013,
      0.10620566884394278,
      0.07080929203816946,
      0.09439908219702671,
      0.07080705915956173
    ],
    [
      0.34999749632526966,
      0.36400534414176,
      0.15600072566080647,
      0.03900064526277133,
      0.052002747732829056,
      0.039006370834244845
    ],
    [
      0.34999749632526966,
      0.36400534414176,
      0.15600072566080647,
      0.03900064526277133,
      0.052002747732829056,
      0.039006370834244845
    ],
    [
      0.34999749632526966,
      0.36400534414176,
      0.15600072566080647,
      0.03900064526277133,
      0.052002747732829056,
      0.039006370834244845
    ],
    [
      0.34999749632526966,
      0.36400534414176,
      0.15600072566080647,
      0.03900064526277133,
      0.052002747732829056,
      0.039006370834244845
    ],
    [
      0.34999749632526966,
      0.36400534414176,
      0.15600072566080647,
      0.03900064526277133,
      0.052002747732829056,
      0.039006370834244845
    ],
    [
      0.34999749632526966,
      0.36400534414176,
      0.15600072566080647,
      0.03900064526277133,
      0.052002747732829056,
      0.039006370834244845
    ],
    [
      0.2900070931493877,
      0.3975992802290263,
      0.17040829355070555,
      0.042606335363765686,
      0.05679945937867903,
      0.04260186258196184
    ],
    [
      0.2900070931493877,
      0.3975992802290263,
      0.17040829355070555,
      0.042606335363765686,
      0.05679945937867903,
      0.04260186258196184
    ],
    [
      0.2900070931493877,
      0.3975992802290263,
      0.17040829355070555,
      0.042606335363765686,
      0.05679945937867903,
      0.04260186258196184
    ],
    [
      0.2900070931493877,
      0.3975992802290263,
      0.17040829355070555,
      0.042606335363765686,
      0.05679945937867903,
      0.04260186258196184
    ],
    [
      0.2900070931493877,
      0.3975992802290263,
      0.17040829355070555,
      0.042606335363765686,
      0.05679945937867903,
      0.04260186258196184
    ],
    [
      0.2900070931493877,
      0.3975992802290263,
      0.17040829355070555,
      0.042606335363765686,
      0.05679945937867903,
      0.04260186258196184
    ],
    [
