{
  "client_id": "20250404133851",
  "name": "Financial Plan for Dave Cosmo",
  "goals": [
    {
      "name": "car",
      "amount": 35000,
      "age": 40,
      "priority": "Medium"
    }
  ],
  "cash_flows": [
    {
      "name": "401k ",
      "amount": 17000,
      "start_age": 35,
      "end_age": 65,
      "growth_rate": 0.025
    },
    {
      "name": "Living Expenses",
      "amount": -50000,
      "start_age": 65,
      "end_age": 95,
      "growth_rate": 0.025
    }
  ],
  "liquidity_goals": [],
  "initial_portfolio": 100000,
  "asset_allocation": [
    0.5,
    0.2,
    0.1,
    0.1,
    0.05,
    0.05
  ],
  "allocation_constraints": {
    "Global Equity": {
      "min": 5.0,
      "max": 60.0
    },
    "Core Bond": {
      "min": 5.0,
      "max": 60.0
    },
    "Short-Term Bond": {
      "min": 5.0,
      "max": 60.0
    },
    "Global Credit": {
      "min": 5.0,
      "max": 60.0
    },
    "Real Assets": {
      "min": 5.0,
      "max": 60.0
    },
    "Liquid Alternatives": {
      "min": 5.0,
      "max": 60.0
    }
  },
  "risk_aversion": 3.0,
  "mean_reversion_speed": 0.15,
  "glidepath": [
    [
      0.75,
      0.105,
      0.045,
      0.03,
      0.04000000000000001,
      0.03
    ],
    [
      0.75,
      0.105,
      0.045,
      0.03,
      0.04000000000000001,
      0.03
    ],
    [
      0.73,
      0.1134,
      0.0486,
      0.032400000000000005,
      0.04320000000000001,
      0.032400000000000005
    ],
    [
      0.73,
      0.1134,
      0.0486,
      0.032400000000000005,
      0.04320000000000001,
      0.032400000000000005
    ],
    [
      0.71,
      0.1218,
      0.0522,
      0.034800000000000005,
      0.04640000000000001,
      0.034800000000000005
    ],
    [
      0.71,
      0.1218,
      0.0522,
      0.034800000000000005,
      0.04640000000000001,
      0.034800000000000005
    ],
    [
      0.69,
      0.1302,
      0.05580000000000001,
      0.037200000000000004,
      0.04960000000000001,
      0.037200000000000004
    ],
    [
      0.69,
      0.1302,
      0.05580000000000001,
      0.037200000000000004,
      0.04960000000000001,
      0.037200000000000004
    ],
    [
      0.67,
      0.13859999999999997,
      0.059399999999999994,
      0.03959999999999999,
      0.05279999999999999,
      0.03959999999999999
    ],
    [
      0.67,
      0.13859999999999997,
      0.059399999999999994,
      0.03959999999999999,
      0.05279999999999999,
      0.03959999999999999
    ],
    [
      0.65,
      0.147,
      0.063,
      0.041999999999999996,
      0.055999999999999994,
      0.041999999999999996
    ],
    [
      0.65,
      0.147,
      0.063,
      0.041999999999999996,
      0.055999999999999994,
      0.041999999999999996
    ],
    [
      0.63,
      0.15539999999999998,
      0.06659999999999999,
      0.044399999999999995,
      0.0592,
      0.044399999999999995
    ],
    [
      0.63,
      0.15539999999999998,
      0.06659999999999999,
      0.044399999999999995,
      0.0592,
      0.044399999999999995
    ],
    [
      0.61,
      0.16379999999999997,
      0.0702,
      0.04680000000000001,
      0.06240000000000001,
      0.04680000000000001
    ],
    [
      0.61,
      0.16379999999999997,
      0.0702,
      0.04680000000000001,
      0.06240000000000001,
      0.04680000000000001
    ],
    [
      0.59,
      0.1722,
      0.07379999999999999,
      0.04920000000000001,
      0.06560000000000002,
      0.04920000000000001
    ],
    [
      0.59,
      0.1722,
      0.07379999999999999,
      0.04920000000000001,
      0.06560000000000002,
      0.04920000000000001
    ],
    [
      0.57,
      0.18059999999999998,
      0.0774,
      0.051600000000000014,
      0.06880000000000001,
      0.051600000000000014
    ],
    [
      0.57,
      0.18059999999999998,
      0.0774,
      0.051600000000000014,
      0.06880000000000001,
      0.051600000000000014
    ],
    [
      0.55,
      0.18899999999999997,
      0.08099999999999999,
      0.054,
      0.072,
      0.054
    ],
    [
      0.55,
      0.18899999999999997,
      0.08099999999999999,
      0.054,
      0.072,
      0.054
    ],
    [
      0.53,
      0.19739999999999996,
      0.0846,
      0.0564,
      0.0752,
      0.0564
    ],
    [
      0.53,
      0.19739999999999996,
      0.0846,
      0.0564,
      0.0752,
      0.0564
    ],
    [
      0.51,
      0.20579999999999998,
      0.08819999999999999,
      0.0588,
      0.07840000000000001,
      0.0588
    ],
    [
      0.51,
      0.20579999999999998,
      0.08819999999999999,
      0.0588,
      0.07840000000000001,
      0.0588
    ],
    [
      0.49,
      0.21419999999999997,
      0.09179999999999999,
      0.061200000000000004,
      0.0816,
      0.061200000000000004
    ],
    [
      0.49,
      0.21419999999999997,
      0.09179999999999999,
      0.061200000000000004,
      0.0816,
      0.061200000000000004
    ],
    [
      0.47,
      0.2226,
      0.0954,
      0.0636,
      0.08480000000000001,
      0.0636
    ],
    [
      0.47,
      0.2226,
      0.0954,
      0.0636,
      0.08480000000000001,
      0.0636
    ],
    [
      0.45,
      0.308,
      0.132,
      0.033,
      0.04400000000000001,
      0.033
    ],
    [
      0.45,
      0.308,
      0.132,
      0.033,
      0.04400000000000001,
      0.033
    ],
    [
      0.43,
      0.31920000000000004,
      0.1368,
      0.0342,
      0.04560000000000001,
      0.0342
    ],
    [
      0.43,
      0.31920000000000004,
      0.1368,
      0.0342,
      0.04560000000000001,
      0.0342
    ],
    [
      0.41,
      0.3304,
      0.14160000000000003,
      0.03540000000000001,
      0.04720000000000001,
      0.03540000000000001
    ],
    [
      0.41,
      0.3304,
      0.14160000000000003,
      0.03540000000000001,
      0.04720000000000001,
      0.03540000000000001
    ],
    [
      0.39,
      0.34159999999999996,
      0.1464,
      0.0366,
      0.0488,
      0.0366
    ],
    [
      0.39,
      0.34159999999999996,
      0.1464,
      0.0366,
      0.0488,
      0.0366
    ],
    [
      0.37,
      0.3528,
      0.1512,
      0.0378,
      0.0504,
      0.0378
    ],
    [
      0.37,
      0.3528,
      0.1512,
      0.0378,
      0.0504,
      0.0378
    ],
    [
      0.35,
      0.364,
      0.156,
      0.039,
      0.052000000000000005,
      0.039
    ],
    [
      0.35,
      0.364,
      0.156,
      0.039,
      0.052000000000000005,
      0.039
    ],
    [
      0.33,
      0.3751999999999999,
      0.16079999999999997,
      0.04019999999999999,
      0.053599999999999995,
      0.04019999999999999
    ],
    [
      0.33,
      0.3751999999999999,
      0.16079999999999997,
      0.04019999999999999,
      0.053599999999999995,
      0.04019999999999999
    ],
    [
      0.31,
      0.3863999999999999,
      0.16559999999999997,
      0.04139999999999999,
      0.0552,
      0.04139999999999999
    ],
    [
      0.31,
      0.3863999999999999,
      0.16559999999999997,
      0.04139999999999999,
      0.0552,
      0.04139999999999999
    ],
    [
      0.29,
      0.39759999999999995,
      0.17039999999999997,
      0.04259999999999999,
      0.056799999999999996,
      0.04259999999999999
    ],
    [
      0.29,
      0.39759999999999995,
      0.17039999999999997,
      0.04259999999999999,
      0.056799999999999996,
      0.04259999999999999
    ],
    [
      0.27,
      0.40879999999999994,
      0.1752,
      0.0438,
      0.0584,
      0.0438
    ],
    [
      0.27,
      0.40879999999999994,
      0.1752,
      0.0438,
      0.0584,
      0.0438
    ],
    [
      0.25,
      0.42000000000000004,
      0.18000000000000002,
      0.045000000000000005,
      0.06000000000000001,
      0.045000000000000005
    ],
    [
      0.25,
      0.42000000000000004,
      0.18000000000000002,
      0.045000000000000005,
      0.06000000000000001,
      0.045000000000000005
    ],
    [
      0.23,
