{
  "client_id": "20250321162822",
  "name": "Financial Plan for Brandon Kremer",
  "goals": [
    {
      "name": "car",
      "amount": 35000,
      "age": 39,
      "priority": "Medium"
    }
  ],
  "cash_flows": [
    {
      "name": "401k",
      "amount": 17000,
      "start_age": 34,
      "end_age": 65,
      "growth_rate": 0.025
    },
    {
      "name": "Expenses",
      "amount": -75000,
      "start_age": 65,
      "end_age": 95,
      "growth_rate": 0.025
    }
  ],
  "liquidity_goals": [],
  "initial_portfolio": 300000,
  "asset_allocation": [
    0.5,
    0.2,
    0.1,
    0.1,
    0.05,
    0.05
  ],
  "allocation_constraints": {
    "Global Equity": {
      "min": 5.0,
      "max": 80.0
    },
    "Core Bond": {
      "min": 5.0,
      "max": 50.0
    },
    "Short-Term Bond": {
      "min": 0.0,
      "max": 5.0
    },
    "Global Credit": {
      "min": 5.0,
      "max": 60.0
    },
    "Real Assets": {
      "min": 5.0,
      "max": 25.0
    },
    "Liquid Alternatives": {
      "min": 0.0,
      "max": 10.0
    }
  },
  "risk_aversion": 8.0,
  "mean_reversion_speed": 0.0,
  "glidepath": [
    [
      0.7499923427393135,
      0.10500913766441919,
      0.04499954056435881,
      0.02999969370957254,
      0.040009801293678704,
      0.030009903390487848
    ],
    [
      0.7499923427393135,
      0.10500913766441919,
      0.04499954056435881,
      0.02999969370957254,
      0.040009801293678704,
      0.030009903390487848
    ],
    [
      0.7299925469329318,
      0.11339896421164403,
      0.04860959150096299,
      0.03239966920633835,
      0.043209768622699776,
      0.03240975689779382
    ],
    [
      0.7299925469329318,
      0.11339896421164403,
      0.04860959150096299,
      0.03239966920633835,
      0.043209768622699776,
      0.03240975689779382
    ],
    [
      0.7099927511265501,
      0.12180896614177983,
      0.052199589044116056,
      0.03479964470310415,
      0.04640973595172085,
      0.03479964470310415
    ],
    [
      0.7099927511265501,
      0.12180896614177983,
      0.052199589044116056,
      0.03479964470310415,
      0.04640973595172085,
      0.03479964470310415
    ],
    [
      0.6899929553201685,
      0.13019879268900467,
      0.05580963998072024,
      0.03720982988078526,
      0.04959949359982661,
      0.03720982988078526
    ],
    [
      0.6899929553201685,
      0.13019879268900467,
      0.05580963998072024,
      0.03720982988078526,
      0.04959949359982661,
      0.03720982988078526
    ],
    [
      0.6699931595137868,
      0.1386087946191404,
      0.05939951553441346,
      0.039609805377551044,
      0.052799460928847665,
      0.039609805377551044
    ],
    [
      0.6699931595137868,
      0.1386087946191404,
      0.05939951553441346,
      0.039609805377551044,
      0.052799460928847665,
      0.039609805377551044
    ],
    [
      0.649993363707405,
      0.14700870885782075,
      0.06300956647101764,
      0.04199957119340155,
      0.05599942825786874,
      0.04200978087431686
    ],
    [
      0.649993363707405,
      0.14700870885782075,
      0.06300956647101764,
      0.04199957119340155,
      0.05599942825786874,
      0.04200978087431686
    ],
    [
      0.6300016380541877,
      0.15540862309650105,
      0.06659932003525103,
      0.04439954669016736,
      0.059209605267805124,
      0.044409756371082666
    ],
    [
      0.6300016380541877,
      0.15540862309650105,
      0.06659932003525103,
      0.04439954669016736,
      0.059209605267805124,
      0.044409756371082666
    ],
    [
      0.6100019398393739,
      0.16379832765426605,
      0.07020949296131505,
      0.04679952218693317,
      0.06239948490537073,
      0.04680973186784848
    ],
    [
      0.6100019398393739,
      0.16379832765426605,
      0.07020949296131505,
      0.04679952218693317,
      0.06239948490537073,
      0.04680973186784848
    ],
    [
      0.5899939762882599,
      0.17219824189294636,
      0.07380945620646374,
      0.049199619673158806,
      0.06559945223439181,
      0.04920958537515445
    ],
    [
      0.5899939762882599,
      0.17219824189294636,
      0.07380945620646374,
      0.049199619673158806,
      0.06559945223439181,
      0.04920958537515445
    ],
    [
      0.5699941804818782,
      0.18060836581254197,
      0.07739933176015698,
      0.05159947318046478,
      0.06880950725486835,
      0.05159947318046478
    ],
    [
      0.5699941804818782,
      0.18060836581254197,
      0.07739933176015698,
      0.05159947318046478,
      0.06880950725486835,
      0.05159947318046478
    ],
    [
      0.5500025524202289,
      0.188998070370307,
      0.08099929500530567,
      0.054009658358145876,
      0.0720094745838894,
      0.053999448677230576
    ],
    [
      0.5500025524202289,
      0.188998070370307,
      0.08099929500530567,
      0.054009658358145876,
      0.0720094745838894,
      0.053999448677230576
    ],
    [
      0.5300026590222793,
      0.19739798460898728,
      0.08460934594190987,
      0.05639954616345621,
      0.07519923223199518,
      0.056409633854911684
    ],
    [
      0.5300026590222793,
      0.19739798460898728,
      0.08460934594190987,
      0.05639954616345621,
      0.07519923223199518,
      0.056409633854911684
    ],
    [
      0.5100029608074654,
      0.20580810852858292,
      0.08819909950614326,
      0.05879939967076218,
      0.07839919956101625,
      0.058809609351677485
    ],
    [
      0.5100029608074654,
      0.20580810852858292,
      0.08819909950614326,
      0.05879939967076218,
      0.07839919956101625,
      0.058809609351677485
    ],
    [
      0.4899949972563515,
      0.21419781308634792,
      0.09180927243220728,
      0.06120958484844329,
      0.08159916689003732,
      0.06120958484844329
    ],
    [
      0.4899949972563515,
      0.21419781308634792,
      0.09180927243220728,
      0.06120958484844329,
      0.08159916689003732,
      0.06120958484844329
    ],
    [
      0.4699952014499698,
      0.22260781501648372,
      0.09539902599644068,
      0.06360956034520909,
      0.0847991342190584,
      0.06360956034520909
    ],
    [
      0.4699952014499698,
      0.22260781501648372,
      0.09539902599644068,
      0.06360956034520909,
      0.0847991342190584,
      0.06360956034520909
    ],
    [
      0.45000357338832037,
      0.3079968554182781,
      0.1319986523221192,
      0.033009872761445104,
      0.04399955077403974,
      0.033009872761445104
    ],
    [
      0.45000357338832037,
      0.3079968554182781,
      0.1319986523221192,
      0.033009872761445104,
      0.04399955077403974,
      0.033009872761445104
    ],
    [
      0.4300037775819387,
      0.3191967410698519,
      0.13679860331565077,
      0.034209860509828,
      0.045609622130005745,
      0.034199650828912694
    ],
    [
      0.4300037775819387,
      0.3191967410698519,
      0.13679860331565077,
      0.034209860509828,
      0.045609622130005745,
      0.034199650828912694
    ],
    [
      0.4099959116223926,
      0.3303966267214256,
      0.14159855430918242,
      0.035399638577295604,
      0.04720972778397611,
      0.03540984825821091
    ],
    [
      0.4099959116223926,
      0.3303966267214256,
      0.14159855430918242,
      0.035399638577295604,
      0.04720972778397611,
      0.03540984825821091
    ],
    [
      0.3899960182244431,
      0.34159651237299926,
      0.14639862729217382,
      0.0366098360065938,
      0.04880971144848664,
      0.0366098360065938
    ],
    [
      0.3899960182244431,
      0.34159651237299926,
      0.14639862729217382,
      0.0366098360065938,
      0.04880971144848664,
      0.0366098360065938
    ],
    [
      0.3699962224180613,
      0.3528066077054884,
      0.1512085439877011,
      0.037799614074061405,
      0.05040969511299717,
      0.037809823754976706
    ],
    [
      0.3699962224180613,
      0.3528066077054884,
      0.1512085439877011,
      0.037799614074061405,
